beneficiary_avg_age,pct_female,pct_medicare_medicaid,pct_alzheimers,pct_cancer,pct_congestive_heart_failure,pct_chronic_kidney_disease,pct_copd,pct_depression,pct_diabetes,pct_ischemic_heart_disease,pct_osteoporosis,pct_arthritis,pct_psychotic_disorders,pct_stroke,pct_non_white
71.66003113855093,0.525911921708185,0.3077179715302491,0.1735987545702847,0.1430160142146352,0.3082740212674599,0.5091192170846308,0.2522241989713077,0.3126112099572954,0.3692170820279137,0.4385008897723532,0.0977535589694172,0.5606094305548265,0.032584519424822,0.0995329183474199,0.2304270462633452
73.74154589640975,0.4685990338164251,0.2132191480017567,0.1870882740331576,0.158322353924462,0.3902064122110232,0.6064997803254282,0.3184014053443126,0.2613087396602986,0.4519104086644708,0.5228370665788318,0.090689503879227,0.4462011418502415,0.0234958277957839,0.1086956523381642,0.2281510759771629
73.23067484531043,0.5079754601226993,0.7187730061349693,0.3560736197862577,0.1077300614662576,0.4927607362260122,0.6417177913121472,0.3209815950424539,0.3354601229720245,0.5754601229158282,0.578650306687362,0.1006134969251533,0.46429447870773,0.138895705342822,0.1614723927842944,0.6549693251533744
76.22290443123866,0.4618259476775226,0.3239455419113721,0.3073945542596102,0.1669781100276294,0.4778430327649493,0.5700747464440737,0.2976508274471436,0.4101708488845434,0.4040309662682861,0.6207955154124399,0.1243993593982915,0.4718366258525094,0.0742124935727442,0.1520288309566203,0.19367325146823278
73.16929960784037,0.502054606885216,0.3977718929778102,0.2169664869475847,0.1503059081710346,0.4973061822481052,0.5943749432344079,0.3029860287536298,0.3520226462094786,0.4354853437759108,0.6185736462160534,0.1030042918037622,0.5007761848894166,0.0565245185001369,0.1371564240619121,0.32444525614099173
72.02252292915176,0.5069475978566887,0.4508219053673599,0.3184088637163745,0.1388611388644991,0.4968667694464626,0.688311688436291,0.3425665243290345,0.3758968305585324,0.5500862775120334,0.5890473163105986,0.0909999094781582,0.4217600583619108,0.1096176548694033,0.1897193717116519,0.4401961674688948
68.26007139145334,0.4538500764915859,0.6909739928607853,0.3602753698503315,0.0869454360053544,0.51325854159077,0.6499235085894951,0.4423763389535952,0.485721570762876,0.6073431921371749,0.567057623710352,0.0981642021336053,0.4497705252565018,0.3773584906257012,0.1384497706473737,0.6499235084140744
71.84735479703203,0.5339750849377124,0.4562368548778515,0.206115515111956,0.1504610907040931,0.3081216630071995,0.5046109044321307,0.3978320660261285,0.3206600873217117,0.4036563666253842,0.4384403817031224,0.0730464327180876,0.3849700693007604,0.064390875354716,0.0954538101404303,0.1428571428571429
74.13154737820952,0.484766093562575,0.4300679728108756,0.2512594964934826,0.179448220609836,0.4195921632703718,0.6564574170191924,0.2183926429247501,0.3211515394938824,0.4294282288403838,0.507556977104998,0.1185125948020791,0.4182327069845661,0.0481407437677728,0.1215513794210315,0.4029588164734106
75.940039842247,0.5649402390438247,0.5039840637450199,0.2972111556095617,0.1398406376239044,0.3448207174780876,0.566533864365737,0.2219123507768924,0.3336653386581673,0.4023904383776892,0.3928286849792828,0.152788844825498,0.5607569720239044,0.0725099603306772,0.0818725098725099,0.5145418326693227
70.391386743252,0.4751978016771687,0.5438953901549249,0.221300990334723,0.1134220874599895,0.448239920710333,0.6209314447225565,0.2520964611192495,0.3174302365885251,0.5294452075973847,0.5618988965510021,0.1072629934420808,0.4418439380290899,0.1066470837481404,0.1454967544756242,0.5082200217937177
71.46015100563758,0.4813338926174497,0.4425335570469799,0.2720218119735738,0.1468120804215604,0.3852768456854027,0.6285654364907719,0.2430788594043624,0.2869127515897651,0.4628775167168624,0.5027265101296141,0.0855704700859899,0.3036912750813758,0.0698406039333053,0.1367449665541107,0.687290268456376
72.30975609839635,0.500609756097561,0.9097560975609756,0.4274390241664634,0.0951219509987805,0.7024390242981707,0.7467987803689025,0.3817073172689024,0.3579268293493902,0.7422256096262195,0.7423780488878049,0.1073170731060975,0.5036585366012195,0.1719512196689024,0.1475609755780487,0.9365853658536586
75.37917024037515,0.5392081621597219,0.3661234255789806,0.2542548870839239,0.1574195296030879,0.4904518982979098,0.6576226808150422,0.2756986144270688,0.3079770664872014,0.5011511897947722,0.5814635908177057,0.1517312988157645,0.5091869441585031,0.0531352986351406,0.113222879409688,0.36463365085097743
73.40103842231568,0.504932502596054,0.3170820353063344,0.2113187955215472,0.1665109035641225,0.4434579439322429,0.6163032193546211,0.2808930427702492,0.3303738317959501,0.4157840083463136,0.5561786085833333,0.127102803694704,0.4937694705251816,0.0488058152375389,0.1239356180695742,0.2836967808930426
73.07223476557562,0.4159948403740728,0.6601096420509514,0.3108674622931312,0.1296356016794582,0.3479522733718156,0.5640116090254756,0.3269912932802322,0.3437600773637536,0.357949048695582,0.3708481138594002,0.1144792004137375,0.4437278296604321,0.1564011609480812,0.1173814898826185,0.4998387616897775
74.35848295537322,0.5412547912043575,0.440891668347791,0.2728464800540649,0.1521081299260641,0.4597538835029251,0.6613879361837804,0.240165422656748,0.3108735122381481,0.5503328628307445,0.558503126755699,0.1332459148794633,0.4595521482180754,0.0761549327246318,0.1724833568655436,0.5855356062134356
76.0700424505761,0.5303214069132808,0.5057610673135233,0.3271679809105518,0.1206791995309278,0.4263189811315949,0.6018799273001819,0.2431776834151,0.331716191628866,0.5054578534072165,0.4366282595551849,0.1449363253496058,0.435112189556701,0.0563978167310491,0.1349302606118859,0.5054578532443905
74.24156513567127,0.5010543580131209,0.5231958762886598,0.3552014993789832,0.1291002809421274,0.5428772259272493,0.6706888471279289,0.2853795686077788,0.3197047799799671,0.5673617619396673,0.6067244609976571,0.1353092786126991,0.4237347703635192,0.1150421742351218,0.2227038426329662,0.5384254920337395
78.02163611609677,0.5449557301409154,0.1785135303653822,0.2633744854768675,0.2399301661861828,0.3646963463039656,0.4860955229293553,0.2009602194324728,0.3427484721487093,0.3294675143694351,0.5637860082699214,0.170158373933034,0.6273226089421997,0.0555555556571268,0.1375483228693104,0.19198154383339572
73.42508894552773,0.5426274871524575,0.4387929898537356,0.2825141654132297,0.1626037687073395,0.3364079587753327,0.6418500460071156,0.2224271973980761,0.3846356567476611,0.3871392806736065,0.3643431280565292,0.1274212676240611,0.4112531300071156,0.0972460139681117,0.1421794703030702,0.5030965871656345
72.1624439968894,0.4917348988104433,0.521396570369226,0.2599258458988104,0.1714815385095782,0.4012822492032287,0.6244399817786189,0.2245481229174262,0.3299860962700447,0.4854008960424069,0.5563880735118956,0.1507029199689479,0.4840105052576858,0.0748493742094855,0.1576548741407384,0.5383902363664452
76.83128759073831,0.5524119307720633,0.2417454277648214,0.2980238123667607,0.1784706027724929,0.407450595527863,0.6142751931280839,0.1895789863639376,0.2890020864640972,0.4297901068019517,0.4925739535344912,0.1197373266745427,0.446667484779428,0.0608813062415613,0.1167914571101632,0.3910641954093531
68.42295381896966,0.4261545496113397,0.8549001676573693,0.2775491542306051,0.1196463954772138,0.4292028654433775,0.6919676879312604,0.2321292484631915,0.3255601278635879,0.5857338821754305,0.5265965555308643,0.1037951534064929,0.3805822284212772,0.1662856272839506,0.1172077429737844,0.8427069044352995
73.1666285504499,0.5054399320416898,0.2524585879047277,0.2361878004275819,0.2001176202012611,0.376972588062502,0.5796059723788676,0.1840428657308458,0.3294344432463162,0.3589701700542033,0.4926977490540072,0.1653543306436436,0.4225503970756362,0.0320514917712614,0.114418270354494,0.3397588786878819
77.34965326504665,0.5433025705198394,0.1375462745711455,0.2586683352386464,0.1859846709918661,0.3899577663063246,0.5048229836211481,0.2446425781250847,0.3406329840536524,0.3656603578059856,0.5251577245410084,0.1671098597318942,0.5930966161555348,0.0440586057762135,0.1482871890963032,0.1529276813181082
76.59874015905197,0.5650393700787402,0.7310236220472441,0.5307086615685039,0.1140157478444094,0.5782677163461416,0.7436220472919686,0.4132283462686614,0.4396850393618898,0.654173228407874,0.6525984251606298,0.2075590553341732,0.5404724411017323,0.2888188977209449,0.1565354332938582,0.6941732283464568
70.37394665853314,0.4811919033967509,0.4059160802710451,0.1834766747026322,0.1578055772216575,0.4017895924888368,0.5959951352454609,0.2657023717919381,0.3526626706489445,0.402832073504083,0.5438710798534011,0.1127617065198071,0.439058292122448,0.0555121188673442,0.1115889150288419,0.31895578142646164
72.02748244654363,0.4655967903711133,0.5719157472417252,0.4008024073941825,0.1069207622678034,0.5075225677588766,0.668004011912337,0.4112337010122366,0.4940822469155466,0.528585757323972,0.593179538522969,0.1057171513271815,0.5522567702262788,0.2742226681679037,0.1426278835600802,0.3618856569709127
72.65826702319627,0.5194518125552609,0.7944297082228117,0.53138815221397,0.0985853226140583,0.6741821397816092,0.7347480105433245,0.4761273208647215,0.4633068081896552,0.6746242262356321,0.6467727673885941,0.1312997350853227,0.4770114940725022,0.3368700266454465,0.1715296198819628,0.6755083996463307
67.26673905195803,0.4629026420557365,0.8183134274339486,0.4589214622804922,0.089033658854144,0.5367354323525154,0.6865725659406442,0.53022077452443,0.6326456748487151,0.561346362849801,0.6217879116757148,0.093738689849439,0.4980094101292074,0.5671371697730727,0.1498371333963084,0.5667752442996743
70.39056714193724,0.4885987137010329,0.2547261742350419,0.1734554669064509,0.1596180081196647,0.3769245761787176,0.5599298381658546,0.3067628141290197,0.3375560321025141,0.3525628532498538,0.4624829471245371,0.1290196843780939,0.3763398948144611,0.0419021633075423,0.0705515495725979,0.2726564022607679
73.8219671232387,0.5256079337046597,0.1968482543132726,0.2432414073455372,0.151813612582122,0.3276728703178236,0.5307702755977448,0.2636190738095367,0.3737943216099715,0.3066159489354707,0.4421274282238826,0.1196168997653172,0.4594484444199157,0.0365439479313951,0.2188561337863062,0.14345876918896894
75.71622641653379,0.5364665523156089,0.373516295025729,0.3606861065860034,0.1847684388502229,0.4310806175207547,0.6015780445625386,0.2810977701257633,0.4094682675667924,0.435608919445283,0.5144425385143053,0.1598627787879245,0.5163636362810977,0.0771183532309434,0.1282332762910463,0.26277873070325897
79.40275029711714,0.5603482390185991,0.1704590423426988,0.3122279385611397,0.2212109221709536,0.3436881680269094,0.4767510882417887,0.2277404036917293,0.3534823902364464,0.3069845665059358,0.4219430156489909,0.1327661260613375,0.5574792244899089,0.044321329726751,0.1160466953743569,0.13899881282152748
77.16966010125145,0.5526264967168791,0.376882966396292,0.3250289687780996,0.175067593949015,0.3523561222167825,0.529451525670336,0.2912321361673426,0.3938779451805716,0.3439551949057551,0.4890884510699111,0.1207995365645036,0.4634028584154113,0.0925067595498261,0.1080533026220548,0.09105832367709543
74.134151018555,0.5251054043694903,0.492142583365274,0.282100421225757,0.1467995402491375,0.4400153314281333,0.587581448727865,0.4304331161636642,0.4633959370521273,0.4181678802981985,0.4564967417673438,0.1556151782993484,0.5051743965197394,0.0789574549647374,0.0927558452019931,0.12035262552702186
71.45375076117571,0.5299180050145693,0.4410788100562445,0.2976892323921529,0.1681236023952023,0.4169546656000542,0.607711594665989,0.243342143035102,0.316866571764383,0.4702175239934268,0.560412007918005,0.0731178423165955,0.4622213185949719,0.0750830115942264,0.1805244969645592,0.6639560886359016
69.15513036938661,0.5321703245169762,0.7454511348715063,0.3483398988007878,0.1324329395891952,0.4563871692749953,0.6989307822637404,0.2873757267668355,0.3513412116876758,0.5359219659287188,0.5479272178142938,0.0493340835000937,0.386981804495967,0.1656349654301256,0.1643218909234665,0.9375351716375915
69.48404766643957,0.4793388429752066,0.6909475302709975,0.4849125504826061,0.1046511628879492,0.498078031959062,0.6940226794920239,0.3532577362414952,0.509609840483375,0.5999423408435519,0.6247357297624448,0.0774553145578512,0.3993849702407265,0.3425908131285796,0.2173745916545262,0.6519315779358064
74.18772775276243,0.550370283296109,0.3513577054190666,0.4260021157016574,0.1447043613399553,0.4611496414374045,0.6569883626877866,0.3192664865313271,0.4268249674873633,0.5238039263316093,0.6084401081775008,0.0967438579974138,0.5248618786533443,0.0859292348172093,0.1302456802104149,0.3796873163277301
75.6637148067575,0.5372388737511353,0.9064486830154403,0.6400999091559947,0.114441416760445,0.5551771115372389,0.7081630335706177,0.5785649409359673,0.5515440509709356,0.6759763849062217,0.7474455042238873,0.1198910081314714,0.552679382496821,0.3574023617440963,0.1430517711044505,0.9084922797456858
73.68401692419532,0.5136104469376495,0.3649071178958984,0.3838513886662681,0.1371160569013242,0.5000919623362148,0.6960640058974619,0.3511127460199558,0.4149347066938569,0.5932499539038072,0.7168475261827295,0.0951811662078351,0.4464778369085893,0.0943535038584697,0.2270553617816811,0.4508000735699834
76.17230527092053,0.5153422501966956,0.3052714398111723,0.3162863889826907,0.1408339891699449,0.4807238399134539,0.6687647521329662,0.4909520064484657,0.400472069505114,0.515342250368214,0.7088906371376869,0.1007081038623131,0.5546813531825334,0.0708103856774193,0.107002360277734,0.13375295043273017
72.70938345397552,0.5306848924960843,0.3368218709953011,0.317812900355546,0.1486544213638046,0.5000000000410081,0.6784137830445678,0.3678627369266695,0.4421899473942759,0.5355261286535669,0.7161825433109782,0.0905595899901751,0.5567421333102662,0.0973942760459917,0.1817599316154065,0.287199202619963
75.9460622108791,0.5665122435473197,0.3331127288771233,0.4166115155436797,0.1741672183133686,0.452128833075557,0.6731744982082506,0.3401720714292963,0.4023825281825502,0.508162364931723,0.6443856165987206,0.131039047014229,0.4730862566397529,0.1042356057204941,0.1859695566191264,0.3658724906243106
74.7592702270584,0.5301504561070963,0.419855467361687,0.4089562848671958,0.1596967184300438,0.4875014811038976,0.6546617700656319,0.5005331121211942,0.5130908663799313,0.4645184219375666,0.7270761757836749,0.117521620848833,0.5123800498547565,0.1503376376774078,0.2280535482911977,0.145124985191328
74.35356298245343,0.4960082791247782,0.3149024246008279,0.3531933767003253,0.1473979893923713,0.4768628029280751,0.6168687166398581,0.36960378505034,0.4172087522410556,0.4676966291712005,0.7005470138731519,0.0958013008970283,0.4869899467791247,0.0871525726031933,0.2338113544429332,0.23987285629804844
75.224867939206,0.5516456724908574,0.3418122714343762,0.4017066233809833,0.1561154004193417,0.4789922793204388,0.6939455507158879,0.4112962211405119,0.4994717593461195,0.4398212110952458,0.7342543682563998,0.1378301503989435,0.5502641201101178,0.1302722470526615,0.1587972372559122,0.10873628606257624
74.57705677920363,0.5807437058885495,0.4180975455598862,0.3563678498112293,0.1866638577170546,0.4364268407864742,0.6997787840883809,0.3053829138189192,0.3640577266521647,0.5184873067062046,0.586748130211419,0.1359949438238702,0.4720320236498472,0.0743705886828189,0.1508479933172864,0.5508269251027074
76.88975884930159,0.5352333228938303,0.9000939555277169,0.75,0.0829940495781396,0.4910742250159724,0.7118697152555591,0.6836830567137488,0.6827435014826182,0.5941121202868775,0.75,0.1096147825205136,0.6614469151553398,0.6924522395725023,0.1321641089570936,0.8205449420607579
71.46322927753302,0.5144393779960248,0.3799836314743365,0.2574535250806734,0.1516426984910558,0.4980708524814685,0.613118204219689,0.3173155618038115,0.3554308430339062,0.4499006196564948,0.5229743948877587,0.0973927279306676,0.5027475741312989,0.0785689231106044,0.1280252542213258,0.3031684788962937
68.95058840317525,0.5041826173259606,0.3159648376577343,0.2149439954641287,0.1748901178508436,0.5162342266509996,0.6622713740197788,0.2299730610940025,0.3012902312799518,0.480150290890472,0.5495533817124627,0.0635899619277612,0.4490996738431873,0.0423933079388912,0.1278888417076421,0.6054161349780236
77.04889515661496,0.460742830277386,0.128193073186021,0.2914903620918351,0.1531107977707255,0.404952201745181,0.6227863972797367,0.1860209997447108,0.1852374236995768,0.4232878861202006,0.4756307791049993,0.1560883874682651,0.3052813041159692,0.0257013010999843,0.1299169410904247,0.6748158595831375
69.69167767472655,0.5228533685601057,0.76221928665786,0.3727873182174372,0.1405548217484808,0.5772787319532365,0.7356671071104359,0.3698811094332893,0.3471598413075297,0.6277410832885073,0.627741083161691,0.0845442533289299,0.5212681637767503,0.1043593130214002,0.2036988110190224,0.9017173051519155
74.34797297327604,0.5534578696343402,0.2458267090620031,0.2636128777811009,0.1607710650170906,0.4074920509081876,0.587341017565779,0.277424483433128,0.3622813987681836,0.444455485035473,0.5511724961031399,0.1296701114571741,0.5592209856563991,0.0413354530685612,0.1448728138275039,0.23539348171701113
74.05496876893243,0.5453719477569563,0.3602498580352072,0.2710959684676888,0.1700170357694491,0.4404315731702442,0.6508801818097673,0.4375922772549687,0.370471323166837,0.4629187963103918,0.6352072689596819,0.1402612152748438,0.5016467915728564,0.0411130040678023,0.1124361159298125,0.04724588302101085
72.0571882467514,0.5581149060100609,0.5970346836113317,0.3613979351366164,0.1530315066740799,0.5615567909904685,0.7347762775726767,0.3378342603288324,0.3052687318384962,0.5782366957066455,0.5988880066468096,0.0852528463783425,0.5229017739139529,0.0765157533936987,0.1686523696301297,0.8318771511781838
69.09907997037509,0.5336164189667374,0.7070063694267515,0.4182590234564756,0.1096956830792639,0.6227883935958952,0.6921443736171268,0.4932767164515215,0.3573956123305024,0.5987261145484783,0.5803255484522293,0.0537862702427459,0.5810332626199576,0.1599433829617834,0.1670205239094125,0.9511677282377919
72.4228125168773,0.508716933399329,0.3103998240114392,0.2306000109957653,0.1584447010020348,0.4541054832208106,0.6313039651587746,0.3330583515834021,0.360226585183193,0.440026398475664,0.5530440523044052,0.1161524499918605,0.5205411650758952,0.0407523513254688,0.1443656163551119,0.11406258593191443
69.2075650137967,0.5073286052009456,0.7749408983451537,0.4099290778713947,0.1205673756855792,0.6099290781177304,0.6997635933054374,0.4671394800085106,0.3262411347725769,0.6042553190330968,0.5527186761943262,0.0690307329782505,0.5702127657579196,0.1309692674907801,0.1583924349134751,0.9716312056737589
70.66270735164858,0.5179193118984231,0.7024370264181855,0.4224861765254966,0.1136596354947778,0.5756706943463036,0.6971124308894122,0.4108130246809339,0.3665779234183903,0.5992217898513209,0.6119189025871391,0.0798689332684824,0.5631783738087242,0.1773499895785378,0.1970100349135777,0.8453819373336064
65.53764661502713,0.5220078193971497,0.6210114768571068,0.223231176638542,0.1328036323974019,0.4382645982442931,0.699962164180729,0.2425274308810695,0.3091184261012738,0.5575734647297264,0.5119182747158532,0.0914364990247193,0.4817757600162694,0.0596544331976289,0.1623155506535502,0.7634001765670324
66.81044989231687,0.4738752755088811,0.7601452093867497,0.3024763387546998,0.0985349412423181,0.4227926874986386,0.6361986258556981,0.3259432128348242,0.5095293662633217,0.5997666278594581,0.5344224036254376,0.0989238949559185,0.5394788021418385,0.3172565800659924,0.111240762366524,0.7288992609879426
73.82130887466836,0.5512436055741753,0.3320691479978832,0.2759745987114129,0.1673134591469395,0.5040571529372022,0.6549656025214323,0.3892220850381019,0.3863115187162638,0.4776856588520903,0.6190686187909684,0.0952548950615628,0.6165108485063503,0.060504498250485,0.1196860116756041,0.28223672605397776
65.77543538202566,0.4482126489459211,0.8017109685304002,0.3574702107421326,0.0904369080372747,0.4634891538395967,0.6501680416712496,0.342499236493431,0.4879315615578979,0.6153376107583257,0.5853956615242897,0.0684387413678582,0.5319278948909257,0.3238619002908646,0.1277115797296058,0.8084326306141155
74.78250967910044,0.560236848098383,0.294693691641995,0.401047597438169,0.1787747666752448,0.4727852425554543,0.6909587792698701,0.3618765659467092,0.4445456615939421,0.5431564564853109,0.5622864950926895,0.1359599181170576,0.5982691871903895,0.1027100887312685,0.1402869507815987,0.3006148941015714
72.1476970758658,0.5507085916740478,0.5152790079716564,0.3895039861062887,0.1543401239625775,0.6124889284100975,0.7411979628241807,0.4554915855059787,0.3476527901873339,0.6058458813824181,0.6521257749716562,0.0954384412741363,0.5360938885839238,0.1034100973906111,0.211248892792294,0.633525243578388
67.99414348627134,0.5341630063445583,0.525378233284529,0.3318692045312347,0.1383601756283553,0.4943875061925329,0.6710590533792095,0.4031234746922889,0.481454368169839,0.5561249390329428,0.5775988287855051,0.0985846754482674,0.5483162521495851,0.1881405562962421,0.1700829672000976,0.6034651049292338
74.8742891373032,0.5447470817120622,0.288536366357378,0.3325351694241245,0.1535468420401077,0.4082609997288237,0.5627057765971266,0.4316073030110745,0.424124513655193,0.4369949117351092,0.6058066449946125,0.1074528585680933,0.5633043999425321,0.0829093085812631,0.0784196349431308,0.03861119425321757
72.90325230986032,0.5196165696679219,0.2766175967134543,0.2388223209116741,0.1583704211604245,0.4851763096544334,0.5991098938317699,0.3894556658893529,0.4171858954118452,0.4733995208393701,0.6540910646992811,0.1461828140430674,0.5876069839035946,0.0522423829400205,0.1103731599278329,0.04005477576172545
69.46107578691013,0.5127169616772641,0.4133012545110844,0.254339233663602,0.1325829180147791,0.4570372915267228,0.6410036090640145,0.2909434611245919,0.3701666952547688,0.4829008419959614,0.6133356248866644,0.0738099331217563,0.4706135076697886,0.0783639801781233,0.1871455575523286,0.3596837944664032
71.41897543205262,0.5320613347273044,0.3632165882557936,0.3806412265561945,0.1480223035419062,0.4830109776485449,0.6811291165265726,0.2597142361055932,0.3450078412303537,0.5801533368386478,0.5703084161510716,0.0827670323507579,0.4152291339635825,0.1349538248177383,0.210402509263809,0.7791427077888133
70.57798244097177,0.6302289550697194,0.2716474436219659,0.1505422620750559,0.2000344292328283,0.2443621967602857,0.46849715969487,0.2438457564639353,0.3657255983372353,0.3955069721154243,0.4109140989964709,0.1082802549480977,0.6451196420847822,0.0405405406443449,0.0871922877644172,0.4400068858667585
75.1623480087673,0.5265408805031446,0.330649895178197,0.373584905656436,0.1583228508311949,0.4820964362324528,0.6782389935195808,0.2317819707126205,0.3468343814468763,0.5516142557173166,0.6337106919399581,0.098029350142893,0.4672536688069601,0.0730398323070859,0.181886792719413,0.6103144654088051
64.203870077337,0.4844505874222529,0.6311909698226215,0.2997005299025571,0.1214005988283805,0.4169546188723796,0.6659755814287031,0.3434692469852568,0.4932043308115641,0.5150886892762037,0.5130154340115181,0.0580511401015895,0.4280119789804193,0.2183828615328265,0.1497350843909237,0.7767795438838978
71.34129353328159,0.521592039800995,0.4682587064676617,0.2557213930827861,0.1408955224602985,0.424278606960796,0.508457711479801,0.3211940300953234,0.5002985077090547,0.3406965176682587,0.41512437804199,0.1070646764951243,0.4137313432756219,0.1269651744750248,0.1002985074853731,0.056119402985074784
68.9757294790401,0.4933187892009817,0.595036814835015,0.3572402507804745,0.1202617943667848,0.4128715572560676,0.5868557402923371,0.3035178619225525,0.504226888679302,0.4109626397922006,0.5012271610766293,0.0929915462244341,0.3621488953929642,0.2399781835874011,0.1499863648358331,0.3809653667848377
73.62039155639461,0.5507246376811594,0.3597762522247648,0.2959572843056191,0.1617086192997711,0.3933384185303839,0.5847953219186373,0.3269768624396135,0.4769895754541062,0.3806254767620137,0.5207220951843377,0.1278921944518179,0.4561403507625222,0.1612001020752606,0.1080600050055936,0.09712687515891161
71.38675324700259,0.5244155844155844,0.4371428571428571,0.2787012987296103,0.1407792209587013,0.420519480478961,0.5301298702812988,0.3906493508054545,0.4592207792514285,0.3719480522064934,0.5101298704205194,0.0919480521423376,0.4423376623602598,0.1244155844241558,0.0867532468051948,0.056623376623376576
73.97920393617025,0.5926505664877758,0.2809332140727489,0.3583035181017814,0.1721079309960122,0.4853905783432468,0.6220557544153995,0.336575730689587,0.3856216459238595,0.4873285629285927,0.5689102563266623,0.0989490161495974,0.5987999402677028,0.0767367324216607,0.1728533094756261,0.41070363744782334
69.09098845471723,0.5615481618003686,0.6551556892036084,0.4505771656884276,0.1475409837299447,0.6266369190914736,0.7480356969327772,0.4798719564508681,0.3754971383794742,0.6417693280516055,0.6893976136084004,0.0571345426489475,0.6031622856896887,0.1684935494927733,0.2216509848313124,0.9349112426035503
73.39339513343377,0.6271726535341831,0.3161452298184627,0.3836423329073001,0.1657976050467362,0.441869447744689,0.7066434916353804,0.3885670142495172,0.3678061028926226,0.4857087679374275,0.5538818076670529,0.1419466977350328,0.5969486285627655,0.0626689840869061,0.1320973349297026,0.4159907300115875
66.26023073662495,0.587505441880714,0.6712015672616456,0.3161732694681106,0.1552024380271005,0.6627122334728994,0.7245047888557901,0.5148019157239878,0.330213321516761,0.6245102309305616,0.7173487157903786,0.0526774053424031,0.6203744012616457,0.0921854593225946,0.1587940791575968,0.8437091858946452
73.1976827110731,0.585650623885918,0.3638146167557932,0.4205882353275401,0.1609625668066845,0.5035650625454545,0.6788770053393047,0.3826203209513369,0.4308377894763814,0.4968805703911764,0.5901960786317291,0.0901960783483957,0.5544563279491087,0.1119429590008912,0.1710338681181818,0.4359180035650624
71.38668025883113,0.5467210329595651,0.3876996262317363,0.3792615247183712,0.1673462455874957,0.5292218824574697,0.652452146522766,0.4237172952975421,0.3820364706932835,0.509457469937762,0.6284403670002265,0.0971231170732246,0.5684109183169103,0.102899535541341,0.1885830782533696,0.4308528712198437
72.9077748272473,0.5726188616362027,0.3979586522939124,0.4004061866171431,0.1494558143228141,0.5418424205227829,0.644586783407801,0.484247253266625,0.4155079937325939,0.5361141487729522,0.64791959594178,0.0949330833011508,0.5864708641167525,0.1201895537212935,0.1504973183123991,0.2513669739103265
73.39110852803356,0.5577509806770303,0.2371059131192794,0.3435275318649571,0.1548743278559494,0.4503850064386895,0.6234926631181898,0.3829725409969489,0.424814761151896,0.456486997024989,0.5695191048630684,0.1122330379707249,0.5952346362128432,0.0685021064512567,0.1352607876326456,0.1082376870550632
71.8359352845572,0.5691172296338348,0.4320181663355095,0.4098779451600908,0.1305705364147033,0.5166051658200398,0.654130002934005,0.4151291514303151,0.4016463242012489,0.5198694294599774,0.6490207210742266,0.0610275336403633,0.5611694578559466,0.1240420094027817,0.1646324158181947,0.33891569684927614
69.03684913086515,0.5041388518024033,0.765954606141522,0.5008010682638184,0.1339118825500667,0.6074766356375166,0.724032042946462,0.521228304646462,0.396528704823498,0.6168224299380508,0.6640854473064085,0.058077436329773,0.5957276371447263,0.1939919893927904,0.2106809082361816,0.8328437917222964
66.43262794349386,0.4638307061109911,0.5598142949686893,0.2923774562076225,0.1198445258903044,0.3159144892045994,0.6134744114948175,0.2505938243015547,0.4868278987247894,0.3905204060531203,0.4781904558535952,0.092528611516843,0.3413949471232995,0.1515871299735478,0.1201684301781472,0.3643921399265817
65.28273421602843,0.5062395231886757,0.3157633327124852,0.1561432919333209,0.1472651645664618,0.3289253118514931,0.5928478301048612,0.2102812439503942,0.4652635496733718,0.3602781402117713,0.4244117463640653,0.1170298628853293,0.3452536164283231,0.0719562924292543,0.0856770348942075,0.1707953063885267
71.97232938619929,0.5192230943195424,0.2716509245709724,0.3990953835269389,0.1648263934839696,0.4360782225951843,0.6409471864225089,0.3522681921849142,0.4793135560951177,0.4202474390071837,0.5419715313047758,0.0969801782830916,0.4382067313143541,0.124650791560862,0.1390182253510709,0.10097113210057207
72.54896449806213,0.568491124260355,0.2263313609467455,0.2673076921452662,0.1522189352486686,0.3979289941096154,0.5347633134893491,0.3204142010831361,0.4210059171510355,0.4121301777863905,0.544378698560207,0.118195266427071,0.4782544379340236,0.0965976332090236,0.1176035504912721,0.08520710059171599
69.94274471278406,0.5333989178553862,0.4329562223315297,0.3184456471306443,0.1656665027258239,0.6027545501758976,0.7097884901802263,0.4002951303286768,0.3984259716587309,0.5494343335164781,0.632070831378062,0.0796851942662075,0.5104771273076242,0.0884407282273487,0.1419576979439252,0.5800295130349238
69.81222162748797,0.5451630144307856,0.360057010511313,0.2740067699714947,0.1184749691152681,0.3625512203160521,0.6303224657724924,0.3230001781165152,0.4680206663705683,0.4282914662275075,0.4300730446627472,0.1067165508077676,0.4803135577748085,0.1468020665747372,0.200962052468377,0.226794940317121
70.65768910188945,0.4670243800791832,0.3960720983538237,0.312304646562513,0.1274223799445717,0.4497291100899145,0.6762346321749844,0.3600750155767347,0.3449677015562096,0.5085955409455616,0.5686601373486143,0.0797041049944259,0.4549906234085226,0.1067409877329652,0.1971764953076161,0.3789331110648052
68.7624568823141,0.4601379839018781,0.415389037945573,0.3106554234603296,0.1242813336655806,0.40762744369289,0.654848600834515,0.3248371025393828,0.3272326560185895,0.5022039096336719,0.5190686088323113,0.0856650058145841,0.4458604830295132,0.1040628591753545,0.1565733999885971,0.4563050977385972
73.21425104520726,0.5286379963110378,0.2679351519269974,0.31836714870498,0.1686244052519173,0.4752451219235512,0.6763421026060576,0.3651587225514513,0.3260363075174255,0.5120862053109893,0.6120279583943307,0.0860596059514124,0.4857780796447918,0.0657703135294146,0.1544024851485778,0.3493350160178623
72.72995991862058,0.5167000668002673,0.2468269873079492,0.2777221110559452,0.1631596526831997,0.4457247829111556,0.6681696726681697,0.3421843690609552,0.3171342686277555,0.5003340014839679,0.5833333336215765,0.0970273881372745,0.4772879093139612,0.0489311957738811,0.1284235138592184,0.3448563794255177
74.17363658595744,0.5440205429200293,0.2205918317437026,0.2533626803705062,0.1947909023796771,0.3882367327916361,0.5305698214963317,0.3292981169603815,0.4257764735073368,0.3829787237699926,0.5449987773811446,0.1126192223903154,0.500978234420763,0.0380288580759354,0.0901198336302274,0.04022988505747116
71.6876740053379,0.4958238420652999,0.5340420146798279,0.3487724627160212,0.1227537330437864,0.491774234649709,0.6188306757549987,0.3925588459574791,0.4102758796661605,0.6464186282968868,0.6299670970799798,0.1164262213070108,0.4935459377815743,0.1237661349129334,0.1764110351417362,0.6737534801316123
74.34055459709488,0.5136481802426344,0.4280762564991334,0.4033795493552859,0.159228769619584,0.5892547660604419,0.6689774696499132,0.387998266954506,0.3191074526013864,0.6336655114848354,0.6557625650231802,0.0838388215132149,0.4220103986353986,0.1154679375589254,0.1834922011466637,0.6234835355285961
73.89976212028874,0.4901976868181445,0.2625707489131326,0.259453695429251,0.1509310145709949,0.5527028138455418,0.6605692725586909,0.3099827741795587,0.3458288901002378,0.5130834224463949,0.7212287754349931,0.0712000656869822,0.45279304423058,0.0414240013066196,0.2010499549917151,0.3049790829300304
74.44405516118748,0.5556466641818859,0.3302273574357063,0.3325382036893775,0.1547521432956392,0.4629146478916884,0.6304882593544539,0.3569139025185986,0.3567648154277301,0.5082370482579203,0.5669772645170332,0.0959373831877003,0.48169959020164,0.0606038017215803,0.1792023856471114,0.279388743943347
72.0620587153679,0.5371609067261242,0.3201412114455593,0.3203270158444816,0.148457822289855,0.4214046823115942,0.6399108137251951,0.3097361575531401,0.4121144555652173,0.4988851728730955,0.5531400967497213,0.0746934225193236,0.4697138609202897,0.1348940916302489,0.1391675955444073,0.4176885916016351
71.54380561342573,0.5585215605749486,0.6197809719370294,0.4397672826105407,0.1310746063333333,0.5499657767939767,0.7245037645468857,0.4178644763528404,0.3668720054575633,0.7241615332624916,0.618412046415811,0.0588637919845995,0.4065708419041752,0.1752224502529089,0.2012320326851472,0.917864476386037
75.12265757955139,0.5729699034639409,0.4281658148779103,0.4043157298881317,0.1237932992526973,0.4236229416195343,0.5366269166013629,0.3310618967052811,0.4043157297830778,0.5513912548881318,0.5996592846524702,0.0942646224264622,0.5286768880159001,0.1391254970579216,0.1385576378444065,0.40601930721181145
72.44431554815547,0.4709976798143852,0.7354988399071926,0.4516627999586233,0.0993812836121423,0.4651972158395204,0.6133023974068058,0.3546017016577726,0.490719257653519,0.6225831397099768,0.6326372776693736,0.0638051044443155,0.4505027069845321,0.3167053364497293,0.1581593196624129,0.5719257540603249
67.8948082157497,0.4629988376598217,0.8541263076327005,0.3434715225951181,0.1073227428996513,0.4639674546187524,0.659046881314413,0.2845796202173576,0.3773731113671058,0.6197210383682681,0.4965129793727237,0.0625726462805114,0.3413405654732662,0.182099961123208,0.1433552888411468,0.9227043781480047
79.9648453194797,0.5585576536761752,0.7993169947770189,0.62715950147047,0.1440337485118521,0.7252912818916232,0.6891321814065889,0.310767376385697,0.551828043492266,0.7453545600762355,0.75,0.1423262355039172,0.6368019284075934,0.1387103257138409,0.1905383688885094,0.2862595419847328
74.4558770577008,0.5234722055468843,0.4245407611958218,0.4282626965010205,0.1325489253334133,0.4152959540546284,0.5462840679163165,0.2407251771063753,0.4030495858303518,0.4708848604585183,0.6639452516640653,0.0878857006473766,0.4313843198778965,0.1511586023140833,0.1877776443239284,0.32560931684475924
73.83377777758518,0.5312592592592592,0.3845925925925926,0.2897777777608889,0.1425185185078518,0.3623703706788148,0.4835555554281481,0.3389629628109629,0.3605925925751111,0.390518518274963,0.4305185184983703,0.0859259258234074,0.44918518508,0.0491851849437037,0.0841481483955555,0.08444444444444443
72.89779936977651,0.5285795941697627,0.5990854529865676,0.3792226350296084,0.1519577021047728,0.5008859675237782,0.6704772791415547,0.26941983450503,0.365475850446699,0.6246927695340098,0.5769934266506145,0.1037439270499285,0.4330665903158331,0.1171763363421549,0.1618462415876536,0.7180337239211203
66.1121951214501,0.4988913525498891,0.4984478935698448,0.1809312638168514,0.1006651883977827,0.350776053199113,0.4820399111481153,0.3631929048177383,0.4186252773370288,0.4124168515578714,0.5139689579547672,0.0474501110558758,0.3458980045964523,0.2341463414971175,0.0847006650789357,0.23503325942350328
69.22015334090909,0.48986856516977,0.7987404162102957,0.3187294633759584,0.1171960570290251,0.4025191678206462,0.6615553125487403,0.2639649509498904,0.3381708654170318,0.5993975907089265,0.4797371304266156,0.0662650603198247,0.3370755748986856,0.1265060240725629,0.1374589267957283,0.9309967141292443
74.4170786495281,0.5395505617977528,0.4215730337078651,0.2889887639620225,0.1633707865089887,0.4197752810730337,0.5402247192368539,0.411235955215955,0.4244943820092134,0.3862921348078652,0.5116853931424719,0.1213483143824719,0.4889887640377527,0.0905617977912359,0.110561797901573,0.09258426966292121
76.88088967279778,0.5548726953467954,0.3495268754267876,0.3558677200621402,0.1826163298090918,0.3699151299857575,0.5914544922868012,0.3473807434652229,0.3712808508495757,0.4808311384231782,0.5116573993725491,0.1358891817400253,0.4748804996838356,0.1255487271259389,0.1518876207819725,0.243390888693786
76.16960171007653,0.5371132323897301,0.2220210664911125,0.3015964448797728,0.1845786698629855,0.3712969059665076,0.4865865700459183,0.2636603026784891,0.3833936801064845,0.4038841342392198,0.5853357473677585,0.1031105991330645,0.5246872944832126,0.0581797235534068,0.1362738643466096,0.1161125740618828
71.05622737124752,0.5095306415249027,0.4389560702329712,0.2851677255944523,0.1569310650818473,0.452620072477147,0.5768941721698435,0.2748514039994534,0.4217394276505432,0.4384095100053973,0.5397964064401858,0.1006353760588918,0.4186650269682995,0.0697547309903668,0.1186035388845391,0.2706155632984901
73.62769323508212,0.5308121139068857,0.6923308723821003,0.4428205514423686,0.1300286274975139,0.4348350158196474,0.6465270452270604,0.2591532317767063,0.4034955551633268,0.6157902668291396,0.5017327105131837,0.0931143591443423,0.3911405757296971,0.2026518006670182,0.1392195270542413,0.7242730149163779
76.50456794818044,0.4855348306052531,0.605253140464408,0.4114960032443852,0.1271412257095546,0.4278644843208983,0.6174343356543586,0.2230681387518081,0.3384088314674533,0.5454891513224209,0.6172440047053672,0.1427483821994671,0.3972211650388276,0.1360867909311001,0.1374191091404644,0.5660449181575942
78.24091071753487,0.5330790320658004,0.142448444391465,0.263321015634283,0.2269638815253307,0.3645249732509238,0.4943378234416498,0.2314936227551555,0.3379425438860412,0.3317439505614495,0.5222314935179401,0.12349505306437,0.4172130169974967,0.043151746380379,0.1153892001417332,0.10203838359756823
78.7797739771176,0.5320611003021899,0.6383656911040279,0.4499316966804239,0.1716272717723641,0.6047936418660015,0.619323591584344,0.273005754177878,0.3702860455163306,0.6936291758306081,0.75,0.1202963944827586,0.5397607318659601,0.086144802925239,0.1912903091770501,0.2896054973713623
75.34278012480475,0.5700131137986303,0.2145563164796736,0.252076351803803,0.2033367332630045,0.3717033369730438,0.5401427945077955,0.2925105640582107,0.3500655690014571,0.3676963427524407,0.4755937635884453,0.0946379135775899,0.4791636307964447,0.0338773133421972,0.1955413085533295,0.10709602214774883
73.5270745859144,0.5403564536269724,0.2562152344193438,0.2638210921841298,0.1744806452545124,0.3591781134862073,0.5350210011414464,0.3154728119561811,0.3497559313060506,0.3561130662953797,0.4955159494993756,0.1068225681290725,0.4580542627865819,0.0595981385812237,0.0808264274740606,0.05653309115677163
71.80813026517421,0.5595536324299704,0.3811204736961968,0.2739694829603735,0.1423365976440446,0.394557048521749,0.542928718043498,0.2611022547522205,0.4390799361596447,0.4299703938843088,0.4565019355770894,0.1096561147296743,0.4976087450915509,0.0560236848756547,0.0905260760403097,0.1838988840810749
71.90165763569652,0.5027095951546063,0.759961746891935,0.4494740199319413,0.1421740514407077,0.5490914886880778,0.7150143447609181,0.2779725850084475,0.3277016256510998,0.6722983741847306,0.6822601214840612,0.0645521200505259,0.3756773988060249,0.1459993623353522,0.2233025184332164,0.8833280204016577
71.73635580536192,0.5068939103791651,0.315923018000766,0.2275947912476541,0.1837418614332152,0.3528820375294906,0.5412198392772883,0.2919858292145729,0.3739946379832918,0.3747606281317981,0.4540405975526139,0.110398314837658,0.4407315208697338,0.0529969361368728,0.1432880121796246,0.12289352738414405
76.32129032315378,0.5140860215053763,0.3161290322580645,0.2495698926807527,0.162043010706344,0.5361290326223656,0.568709677404301,0.4204301076930107,0.333655914194516,0.4694623654859139,0.626021505505699,0.1169892474682795,0.4846236557768816,0.0707526883595699,0.0949462364872043,0.08161290322580639
68.57480798820328,0.4711725550435228,0.4312339989759344,0.2330261137581157,0.1552995392061444,0.4045570916171531,0.635586277642601,0.2694828469315412,0.4260624680283666,0.420993343630005,0.4807987711318484,0.0906298003883256,0.3809011776429083,0.0690220177908858,0.144495647715617,0.2158218125960062
70.44592981622344,0.5612317975650514,0.673430412986393,0.3411315350899975,0.1401289090816424,0.5142038673965147,0.701121986140129,0.204583432781332,0.235139651347577,0.6581523039455717,0.6006206730740034,0.0496538554182382,0.372403915137503,0.0580090715896395,0.1740272139840057,0.937693960372404
69.59308357330836,0.4567723342939481,0.8210374639769452,0.4008645535221902,0.1011527378334294,0.4455331411766571,0.6775216140126801,0.2795389048092219,0.4216138328864553,0.6193083572262248,0.4757925070801153,0.073775216217291,0.3314121038498559,0.1936599421504322,0.1576368873867435,0.8472622478386168
73.51879465743089,0.5189499844672258,0.4246660453557005,0.3881640262286424,0.1745883816899658,0.5641503573549239,0.6891891894652066,0.3484001243665734,0.3140726936792483,0.5274930101623174,0.6178937559950296,0.066480273618981,0.4293258774190742,0.0598011805264057,0.1526871699097546,0.4009009009009009
74.57093963891309,0.5215722879070732,0.195498859157851,0.1716448871119062,0.1660443892112632,0.4177556524702344,0.5680356772571044,0.2768097908368595,0.3746110766179216,0.3841526654722049,0.573221323331674,0.1236258037001659,0.5077784693695292,0.0298693217025513,0.1078614395676208,0.07021364862061796
73.85003347522205,0.5625976344565945,0.317563043963401,0.3247043071180539,0.1626869004284757,0.4744476679776835,0.593840660468199,0.3267127873883062,0.374023655542736,0.4521312208705645,0.4405266682557465,0.0957375588370899,0.5755411738344118,0.10778844005289,0.1350145054809194,0.4345012274045972
73.77186474445428,0.5355970894564132,0.3108860037095163,0.2605221858566129,0.1686403193658153,0.4920816091988871,0.6761306891496647,0.4083321445627051,0.3930660579697531,0.4619774577058068,0.6336139252224283,0.0984448566564417,0.5388785846408902,0.0727635896782708,0.1358253675975174,0.06848337851333997
73.33324273055088,0.5157198514088973,0.2625713509105735,0.307873516366585,0.1504937938051101,0.5271359970557217,0.6339585033721119,0.4539276979543354,0.3613300716212739,0.496330524693123,0.5673643197248346,0.1013862462465343,0.5259581410228323,0.0481108998246806,0.1293829845323004,0.2709975536830661
74.60242130946249,0.5738498789346247,0.3142857142857143,0.303389830779661,0.1518159806605327,0.4602905569786925,0.6266343826087167,0.440677966179661,0.3924939468745763,0.469007263948184,0.579418886175787,0.0830508475549636,0.5159806293598063,0.0527845039254237,0.1014527845050847,0.16053268765133177
74.98628771106208,0.5235602094240838,0.2832211418598853,0.302667663819247,0.1650461231278983,0.4527549236831214,0.6394913985823983,0.3859386689645974,0.3964098727656444,0.4540014960840189,0.6175517325420095,0.1231613065801545,0.6337571677354774,0.0563450509999999,0.1291448518556469,0.06532036898529037
75.52489283116336,0.5320232587750945,0.2128517465302831,0.2919655364353805,0.1660795383190866,0.4010016552547429,0.6245914857551463,0.2740970247685158,0.4057552736065108,0.4243877592691736,0.5638555242536818,0.1746105853571579,0.5691184584827894,0.0625610120821272,0.1380671449871822,0.12512202368320535
72.00170207098311,0.4709967320261438,0.199142156862745,0.2382897604628268,0.1714324622574891,0.4548611109681372,0.5964052287133034,0.3236655773566857,0.3718681917905773,0.416258170245847,0.5825844224279004,0.1197576252723311,0.5108251635129357,0.0355392155866693,0.1959422656958061,0.10634531590413943
74.8063038057595,0.5560955290197167,0.2370174951402388,0.293529575246737,0.143015828832963,0.3468480977214662,0.6460705359933352,0.3056095528558733,0.4309913915805332,0.3961399612367398,0.4880588725074979,0.1135795612786726,0.5211052484632047,0.0734518191124687,0.1430158290995556,0.09913912801999436
68.86163697056793,0.5118318485523385,0.5773942093541202,0.2948218262995545,0.1559020044855233,0.4658964366013363,0.6320991090501115,0.3833518930701559,0.4198218265311804,0.5176781735757239,0.5982739422126949,0.0652839642628062,0.4458518930167037,0.1309855234287305,0.1794265035757238,0.6829064587973275
73.96437782399742,0.533204384268214,0.5285299806576402,0.4166666668236621,0.1487749839155383,0.5217601550012895,0.685525467620245,0.3542875564419729,0.4553513863015797,0.526112185808833,0.6550612506102514,0.1047711152566086,0.506769825691167,0.1099290779145712,0.2229206962488717,0.2730496453900709
72.07165584206682,0.4968182420787485,0.3008749834283442,0.2572583851419859,0.1820230676326395,0.4984754079679173,0.6201776482306113,0.2763489327553361,0.3814795173733925,0.4500861724137611,0.6004905209117062,0.0953201644783242,0.5333421715996288,0.05640991638254,0.1570330110319501,0.4189977462548058
71.82598607993039,0.5363495746326373,0.5007733952049497,0.3812838360146944,0.1388244391821345,0.4845320958859241,0.7291183296589328,0.3507347255011601,0.5158546018615623,0.4876256767331786,0.60556844575058,0.0893271463878577,0.5050270689083527,0.1948955916666666,0.1693735498128383,0.48917246713070384
68.94570152274494,0.4860867018160515,0.1941271236086701,0.1897700642850395,0.1709504981694859,0.3753661394320079,0.5930726422665494,0.2316564148279511,0.3502855886275995,0.4168497364808875,0.4838532517211848,0.0998462212544303,0.46291007621994,0.0339411248683728,0.1518014062386496,0.3001244874048038
72.11861520971198,0.5483825198637912,0.3129965947786606,0.2751135075570374,0.136776390771992,0.4591373439933314,0.619608399642168,0.4020998864710556,0.4372871738900397,0.4690692397227582,0.5404370033911748,0.1034335983046254,0.5567536887883088,0.1069807037053064,0.0942111237627695,0.05221339387060164
74.4190012161928,0.559074299634592,0.1705237515225335,0.2702279448550548,0.157647468409605,0.4271793982503915,0.6605185315999652,0.3781103184144771,0.3969027320160083,0.434661562637202,0.674960849132243,0.0963981211150165,0.5575082650798677,0.0504611100626413,0.107708369730294,0.08282582216808765
71.37671327250104,0.4944304377721751,0.2366261746504698,0.2898464359645656,0.1354572543595232,0.5141874856661471,0.6608297041470548,0.2581709834587669,0.3320192527706624,0.4854916339604859,0.6077011230566124,0.1141416458685308,0.4556956222799908,0.0561081824840705,0.21874856764584,0.40417144166857666
73.49115181553555,0.5287177895063645,0.4570009313877677,0.4551381559863396,0.1145606956957466,0.6628376280298044,0.6966780501639243,0.3228810931406395,0.3772120460046569,0.5579012731002795,0.6193728657814344,0.1558522200729587,0.4635206456271344,0.1589568456414157,0.1685811860950015,0.45451723067370386
75.21394892120826,0.5355599214145383,0.2320235756385068,0.3559921412378192,0.1592337918516699,0.4387033399600196,0.6432220039785854,0.3003929273259332,0.437721021515717,0.4761296660797642,0.5445972495943026,0.1518664047768173,0.4998035364901768,0.0646365421671905,0.1493123772331041,0.26777996070726917
69.58755201146845,0.5261789181692095,0.361997226074896,0.3297503465355408,0.1362690707602288,0.5034674064759015,0.709778086244799,0.3177877947498266,0.351941747389043,0.5721220528874827,0.5778432734304785,0.0934466020315533,0.4218099862595354,0.0963938974160887,0.1804785022883148,0.5454230235783635
72.14119870550755,0.5680345572354212,0.3706803455723542,0.3860691145653347,0.1020518357003239,0.5491360695669546,0.7054535638331533,0.3296436284308855,0.4392548596652267,0.5475161987392009,0.5537257020858531,0.1101511877419006,0.5248380128909287,0.1152807776808855,0.1676565876808855,0.4146868250539957
71.72444870465006,0.5509108341323107,0.3788111217641419,0.4062320227720039,0.1334611699148609,0.5541706615758389,0.7050814957769894,0.3431447747574305,0.3897411313010546,0.5850431445695111,0.5602109302504313,0.0884947268590604,0.517353787272675,0.1009587730314477,0.1800575262496644,0.6493767976989454
72.77456323213336,0.5579419778810707,0.1979483891649302,0.3243308222423465,0.1664529573567879,0.3709729121830422,0.580942458678955,0.2384997594718705,0.4242667095667575,0.4390126625387081,0.4851739059831704,0.1343965379583266,0.5058502962090079,0.0587433886262221,0.1167655075885558,0.28113479724314794
74.86331578487534,0.5698817919936426,0.1369822191318168,0.2047283204011125,0.127148107649846,0.3630674480396343,0.525181285057018,0.1861527763073408,0.4119400021441343,0.370914870296712,0.4454157148998709,0.1308234828469256,0.5603456838462303,0.0398331181617165,0.1127446110573159,0.09426840170855277
71.02393598034841,0.4953615183060689,0.3006161036753771,0.2266128459869343,0.1660647264407265,0.4447631188969974,0.6027547622981375,0.3879682743248707,0.4384958574439841,0.4771970824362297,0.6624530843053609,0.1204942994894837,0.5607251612486722,0.044224913392288,0.1540259189320161,0.039303165498194015
71.80097531311948,0.5480036574215178,0.4437671441633648,0.3041755562381896,0.1540688815016763,0.4180128009919232,0.612618104062481,0.2863456263957635,0.4071929290420604,0.4273087476734227,0.5943309965707101,0.116427918151021,0.478360255999238,0.0946357820425175,0.1729655593021944,0.41953672660774155
72.55307978096556,0.542835190165194,0.3545908567038033,0.2636701244051735,0.1490587782799334,0.3670124215211935,0.5730567293141248,0.3042643105254194,0.4049174033198873,0.3922397233289793,0.4572928670213855,0.1430400818655397,0.5101805611024459,0.0761941349842489,0.1233192470971955,0.24049174029965426
74.45156745251498,0.5459668897499119,0.2028883409651285,0.3163085592715745,0.1334977105262416,0.5614653046438887,0.7249031348333922,0.3606903839341318,0.3620993307569566,0.5519549137844312,0.6477632971486439,0.1060232477675237,0.4991194082190913,0.0662205002691088,0.1415991548946812,0.294469883761888
74.24134520254486,0.5417549809241204,0.1855305920587819,0.3936696338332626,0.1535961567838067,0.4325279072137911,0.597004380467995,0.2807686871487918,0.4374735058582732,0.4378974140634449,0.5537657200627385,0.1194008760544015,0.4982337148163064,0.0582167585516461,0.1904761905759502,0.2190193584852339
73.77164984869985,0.5609011969021357,0.3076742548697488,0.3851208638237502,0.1234452009784088,0.5386059611706172,0.7026519599410938,0.3797230696050223,0.4128138934515372,0.5238206993914575,0.5747477117958225,0.1063130719237268,0.4888523822478292,0.0736916216679183,0.1649847454907299,0.2954705468199953
72.3436692504282,0.5599852344038391,0.1912144702842377,0.3237356959254337,0.1428571427884828,0.4425987450465116,0.6208933188305649,0.3259505352923588,0.4285714287057955,0.5012919896511628,0.5732742710564784,0.0967146551103728,0.4592100405599852,0.0498338869298634,0.1277224066371354,0.23772609819121449
